cluster_id,cluster_name,primary_keyword,supporting_keywords,product_family,primary_intent,secondary_intent,B2B_B2C,volume,cluster_volume,KD,CPC,product_fit,commercial_value,SERP_fit,dominant_page_type,priority,confidence,decision,notes
C01,Bridal and Wedding Gloves,bridal gloves,"wedding gloves; bridal lace gloves; lace bridal gloves; lace wedding gloves",Bridal and wedding gloves,Commercial product discovery,B2B procurement via linked quote path,B2C-led with B2B conversion,1300,3650,13,0.68,HIGH,HIGH,HIGH,Retail collection/category,1,HIGH,CREATE_CANONICAL,"One commercial category owns bridal/wedding wording; wholesale is a conversion/related path rather than duplicate category."
C02,Bridal Wholesale Procurement,bridal gloves wholesale,"wholesale bridal gloves; wedding gloves wholesale",Bridal and wedding gloves,B2B procurement,Wholesale catalog comparison,B2B_MONEY,0,20,,,HIGH,HIGH,HIGH,Wholesale category,1,MEDIUM,CREATE_B2B_ENTRY,"Exact tool values are incomplete/low; Google US/UK has recurring wholesale category results."
C03,Opera and Evening Gloves,opera gloves,"evening gloves; elbow length gloves; long gloves; formal gloves",Opera and evening gloves,Commercial formal-fashion discovery,Wholesale procurement,B2C-led with B2B conversion,2900,6630,17,0.82,HIGH,HIGH,MEDIUM,Mixed retail product/collection/editorial,1,HIGH,CREATE_CANONICAL,"Keep material qualifiers as children; do not inherit leather intent."
C04,Satin Opera Gloves,satin opera gloves,"long satin gloves; satin bridal gloves; satin wedding gloves",Satin opera gloves,Commercial product discovery,Wholesale procurement,B2C-led with B2B conversion,880,1510,4,0.71,HIGH,HIGH,HIGH,Retail product/category,1,HIGH,CREATE_CHILD_LANDING,"SERP specificity supports separation from generic opera page."
C05,Lace Bridal Gloves,bridal lace gloves,"lace bridal gloves; lace wedding gloves; lace opera gloves",Lace bridal gloves,Commercial bridal discovery,Style selection,B2C-led with B2B conversion,260,860,5,0.53,HIGH,HIGH,HIGH,Retail product/collection,2,HIGH,CREATE_CHILD_LANDING,"Do not own generic lace gloves."
C06,Sheer and Tulle Bridal Gloves,sheer wedding gloves,"sheer bridal gloves; tulle gloves; tulle bridal gloves; tulle wedding gloves",Sheer and tulle bridal gloves,Commercial bridal discovery,Style selection,B2C-led with B2B conversion,110,560,11,0.52,HIGH,MEDIUM,HIGH,Retail product/collection,2,MEDIUM,CREATE_CHILD_LANDING,"Bridal-qualified language is necessary; generic mesh is quarantined."
C07,Fingerless Bridal Gloves,fingerless bridal gloves,"fingerless wedding gloves; bridal lace gloves fingerless; fingerless lace bridal gloves",Fingerless bridal gloves,Commercial bridal discovery,Style selection,B2C-led,390,720,8,0.48,MEDIUM,MEDIUM,HIGH,Retail product/marketplace,3,HIGH,CREATE_SUBCATEGORY,"Subcategory/filter under Bridal and Lace; not a top-level core category."
C08,Veils and Bridal Accessories,wedding veils,"bridal veils; bridal accessories; bridal veil wholesale",Veils and bridal accessories,Commercial bridal discovery,Wholesale procurement,B2C-led,6600,17400,31,0.54,MEDIUM,MEDIUM,MEDIUM,Retail category,4,MEDIUM,DEFER,"Requires active-SKU and product-fit confirmation before V1 core ownership."
C09,Generic Mixed Gloves,lace gloves,"mesh gloves; fingerless lace gloves; fingerless gloves wholesale",Generic/non-target,Mixed or non-target,Mixed,MIXED,2900,4160,28,0.40,LOW,LOW,LOW,Mixed,0,HIGH,EXCLUDE_OR_QUARANTINE,"No generic category; contains industrial, sport, winter, work, and DIY contamination."
