channel_id,channel,priority,fit,status,landing_page,utm_source,utm_medium,utm_campaign,account_gate,commercial_gate,next_action,evidence_url
linkedin-company,LinkedIn Company Page,P0,B2B buyer discovery and professional trust,RESEARCHED_NOT_CREATED,/custom-manufacturing/,linkedin,organic_social,buyer-intro-2026q4,LinkedIn admin account and page creation,English company identity logo and public contact,Create page then publish prepared buyer-intro post,https://www.business.linkedin.com/advertise/linkedin-pages
alibaba-supplier,Alibaba.com supplier profile,P0,High-intent global supplier discovery,RESEARCHED_NOT_CREATED,/products/,alibaba,directory,directory-profile-2026q4,Supplier account and Business Verification,Legal registration address budget and verified product facts,Confirm documents and whether paid membership is approved,https://seller.alibaba.com/how-to-sell?tracelog=pc_registration_success
made-in-china-supplier,Made-in-China.com supplier profile,P1,Chinese manufacturer directory and RFQ discovery,RESEARCHED_NOT_CREATED,/products/,made-in-china,directory,directory-profile-2026q4,Supplier account phone verification,English company name contact and approved catalogue facts,Create only after account and phone are available,https://www.madeinchina.com/source/register.html
global-sources-supplier,Global Sources supplier profile,P1,Buyer and trade-show oriented sourcing discovery,RESEARCHED_NOT_CREATED,/products/,global-sources,directory,directory-profile-2026q4,Supplier registration and terms consent,Company website business email contact and profile facts,Review registration terms before account creation,https://www.globalsources.com/member/register
youtube-brand,YouTube Brand Account,P1,Reusable visual education and factory evidence,CONTENT_READY_NO_CHANNEL,/guides/materials/,youtube,organic_video,buyer-intro-2026q4,Google account and Brand Account owner,Real video assets permissions and approved claims,Create channel only when video assets and owner are confirmed,https://support.google.com/youtube/answer/1646861?hl=en
pinterest-business,Pinterest or Instagram,P1,Visual discovery for bridal and occasionwear,RESEARCHED_NO_VERIFIED_PROFILE,/wedding-veils/,pinterest,organic_social,buyer-intro-2026q4,Platform account and profile ownership,Image rights brand identity and response owner,Verify one account before preparing a publishing calendar,https://business.pinterest.com/
europages-profile,Europages,P2,European directory discovery,DEFERRED_IDENTITY_REQUIRED,/factory/,europages,directory,directory-profile-2026q4,Supplier account and approval,Public legal identity and VAT,Do not register until VAT and identity are confirmed,https://help.europages.com/en/supplier/company-profile-basic-information
kompass-profile,Kompass,P2,Directory and search visibility,DEFERRED_PAID_REVIEW,/factory/,kompass,directory,directory-profile-2026q4,Account and manual review,Fee approval and legal company profile,Do not create a paid profile without explicit approval,https://us.kompass.com/register/company/
generic-directory-bulk,Generic directories and bulk backlinks,Reject,Low trust and high spam risk,EXCLUDED,,,,,None,None,Do not submit or purchase links,
